type;filename;file;
Web served files;NasFtpCfgHelpRpm.htm;/logs/firmware/unblob_extracted/firmware_extract/1180160-3904000.squashfs_v4_le_extract/web/help/NasFtpCfgHelpRpm.htm;
Web served files;AutoEmailRpm.htm;/logs/firmware/unblob_extracted/firmware_extract/1180160-3904000.squashfs_v4_le_extract/web/userRpm/AutoEmailRpm.htm;
Web served files;WzdStaticIpRpm.htm;/logs/firmware/unblob_extracted/firmware_extract/1180160-3904000.squashfs_v4_le_extract/web/userRpm/WzdStaticIpRpm.htm;
Web served files;PingHelpRpm.htm;/logs/firmware/unblob_extracted/firmware_extract/1180160-3904000.squashfs_v4_le_extract/web/help/PingHelpRpm.htm;
Web served files;CmxDdnsRpm.htm;/logs/firmware/unblob_extracted/firmware_extract/1180160-3904000.squashfs_v4_le_extract/web/userRpm/CmxDdnsRpm.htm;
Web served files;AccessCtrlAccessTargetsRpm.htm;/logs/firmware/unblob_extracted/firmware_extract/1180160-3904000.squashfs_v4_le_extract/web/userRpm/AccessCtrlAccessTargetsRpm.htm;
Web served files;WzdWanAutoTypeRpm.htm;/logs/firmware/unblob_extracted/firmware_extract/1180160-3904000.squashfs_v4_le_extract/web/userRpm/WzdWanAutoTypeRpm.htm;
Web served files;LanDhcpServerRpm.htm;/logs/firmware/unblob_extracted/firmware_extract/1180160-3904000.squashfs_v4_le_extract/web/userRpm/LanDhcpServerRpm.htm;
Web served files;MediaServerCfgHelpRpm.htm;/logs/firmware/unblob_extracted/firmware_extract/1180160-3904000.squashfs_v4_le_extract/web/help/MediaServerCfgHelpRpm.htm;
Web served files;WlanWpsRpm.htm;/logs/firmware/unblob_extracted/firmware_extract/1180160-3904000.squashfs_v4_le_extract/web/userRpm/WlanWpsRpm.htm;
Web served files;WlanSecurityRpm.htm;/logs/firmware/unblob_extracted/firmware_extract/1180160-3904000.squashfs_v4_le_extract/web/userRpm/WlanSecurityRpm.htm;
Web served files;LanIPv6CfgRpm.htm;/logs/firmware/unblob_extracted/firmware_extract/1180160-3904000.squashfs_v4_le_extract/web/userRpm/LanIPv6CfgRpm.htm;
Web served files;WzdAccessCtrlHostAddRpm.htm;/logs/firmware/unblob_extracted/firmware_extract/1180160-3904000.squashfs_v4_le_extract/web/userRpm/WzdAccessCtrlHostAddRpm.htm;
Web served files;LocalManageControlHelpRpm.htm;/logs/firmware/unblob_extracted/firmware_extract/1180160-3904000.squashfs_v4_le_extract/web/help/LocalManageControlHelpRpm.htm;
Web served files;top.htm;/logs/firmware/unblob_extracted/firmware_extract/1180160-3904000.squashfs_v4_le_extract/web/frames/top.htm;
Web served files;UpdateTemp.htm;/logs/firmware/unblob_extracted/firmware_extract/1180160-3904000.squashfs_v4_le_extract/web/userRpm/UpdateTemp.htm;
Web served files;WlanNetworkRpm.htm;/logs/firmware/unblob_extracted/firmware_extract/1180160-3904000.squashfs_v4_le_extract/web/userRpm/WlanNetworkRpm.htm;
Web served files;AccessCtrlHostsListsRpm.htm;/logs/firmware/unblob_extracted/firmware_extract/1180160-3904000.squashfs_v4_le_extract/web/userRpm/AccessCtrlHostsListsRpm.htm;
Web served files;WlanSecurityHelpRpm.htm;/logs/firmware/unblob_extracted/firmware_extract/1180160-3904000.squashfs_v4_le_extract/web/help/WlanSecurityHelpRpm.htm;
Web served files;WzdWanTypeHelpRpm.htm;/logs/firmware/unblob_extracted/firmware_extract/1180160-3904000.squashfs_v4_le_extract/web/help/WzdWanTypeHelpRpm.htm;
Web served files;QoSRuleListHelpRpm.htm;/logs/firmware/unblob_extracted/firmware_extract/1180160-3904000.squashfs_v4_le_extract/web/help/QoSRuleListHelpRpm.htm;
Web served files;StatusHelpRpm.htm;/logs/firmware/unblob_extracted/firmware_extract/1180160-3904000.squashfs_v4_le_extract/web/help/StatusHelpRpm.htm;
Web served files;AccessCtrlHostsListsHelpRpm.htm;/logs/firmware/unblob_extracted/firmware_extract/1180160-3904000.squashfs_v4_le_extract/web/help/AccessCtrlHostsListsHelpRpm.htm;
Web served files;ChangeLoginPwdHelpRpm.htm;/logs/firmware/unblob_extracted/firmware_extract/1180160-3904000.squashfs_v4_le_extract/web/help/ChangeLoginPwdHelpRpm.htm;
Web served files;WlanWpsHelpRpm.htm;/logs/firmware/unblob_extracted/firmware_extract/1180160-3904000.squashfs_v4_le_extract/web/help/WlanWpsHelpRpm.htm;
Web served files;PPPoECfgHelpRpm.htm;/logs/firmware/unblob_extracted/firmware_extract/1180160-3904000.squashfs_v4_le_extract/web/help/PPPoECfgHelpRpm.htm;
Web served files;PrintServerCfgHelpRpm.htm;/logs/firmware/unblob_extracted/firmware_extract/1180160-3904000.squashfs_v4_le_extract/web/help/PrintServerCfgHelpRpm.htm;
Web served files;QoSRuleCfgHelpRpm.htm;/logs/firmware/unblob_extracted/firmware_extract/1180160-3904000.squashfs_v4_le_extract/web/help/QoSRuleCfgHelpRpm.htm;
Web served files;WzdWanTypeRpm.htm;/logs/firmware/unblob_extracted/firmware_extract/1180160-3904000.squashfs_v4_le_extract/web/userRpm/WzdWanTypeRpm.htm;
Web served files;SpecialAppHelpRpm.htm;/logs/firmware/unblob_extracted/firmware_extract/1180160-3904000.squashfs_v4_le_extract/web/help/SpecialAppHelpRpm.htm;
Web served files;WlanStationRpm.htm;/logs/firmware/unblob_extracted/firmware_extract/1180160-3904000.squashfs_v4_le_extract/web/userRpm/WlanStationRpm.htm;
Web served files;BasicSecurityRpm.htm;/logs/firmware/unblob_extracted/firmware_extract/1180160-3904000.squashfs_v4_le_extract/web/userRpm/BasicSecurityRpm.htm;
Web served files;WlanMacFilterRpm.htm;/logs/firmware/unblob_extracted/firmware_extract/1180160-3904000.squashfs_v4_le_extract/web/userRpm/WlanMacFilterRpm.htm;
Web served files;WanStaticIpV6CfgHelpRpm.htm;/logs/firmware/unblob_extracted/firmware_extract/1180160-3904000.squashfs_v4_le_extract/web/help/WanStaticIpV6CfgHelpRpm.htm;
Web served files;WanIpv6EnableRpm.htm;/logs/firmware/unblob_extracted/firmware_extract/1180160-3904000.squashfs_v4_le_extract/web/userRpm/WanIpv6EnableRpm.htm;
Web served files;PPPoEv6CfgHelpRpm.htm;/logs/firmware/unblob_extracted/firmware_extract/1180160-3904000.squashfs_v4_le_extract/web/help/PPPoEv6CfgHelpRpm.htm;
Web served files;WanStaticIpV6CfgRpm.htm;/logs/firmware/unblob_extracted/firmware_extract/1180160-3904000.squashfs_v4_le_extract/web/userRpm/WanStaticIpV6CfgRpm.htm;
Web served files;WlanMacFilterRpmAdv.htm;/logs/firmware/unblob_extracted/firmware_extract/1180160-3904000.squashfs_v4_le_extract/web/userRpm/WlanMacFilterRpmAdv.htm;
Web served files;WanStaticIpCfgRpm.htm;/logs/firmware/unblob_extracted/firmware_extract/1180160-3904000.squashfs_v4_le_extract/web/userRpm/WanStaticIpCfgRpm.htm;
Web served files;AccessCtrlTimeSchedAdvHelpRpm.htm;/logs/firmware/unblob_extracted/firmware_extract/1180160-3904000.squashfs_v4_le_extract/web/help/AccessCtrlTimeSchedAdvHelpRpm.htm;
Web served files;MiscShowRpm.htm;/logs/firmware/unblob_extracted/firmware_extract/1180160-3904000.squashfs_v4_le_extract/web/userRpm/MiscShowRpm.htm;
Web served files;AssignedIpAddrListHelpRpm.htm;/logs/firmware/unblob_extracted/firmware_extract/1180160-3904000.squashfs_v4_le_extract/web/help/AssignedIpAddrListHelpRpm.htm;
Web served files;MediaServerFoldersCfgRpm.htm;/logs/firmware/unblob_extracted/firmware_extract/1180160-3904000.squashfs_v4_le_extract/web/userRpm/MediaServerFoldersCfgRpm.htm;
Web served files;FixMapCfgRpm.htm;/logs/firmware/unblob_extracted/firmware_extract/1180160-3904000.squashfs_v4_le_extract/web/userRpm/FixMapCfgRpm.htm;
Web served files;ChangeLoginPwdRpm.htm;/logs/firmware/unblob_extracted/firmware_extract/1180160-3904000.squashfs_v4_le_extract/web/userRpm/ChangeLoginPwdRpm.htm;
Web served files;VirtualServerRpm.htm;/logs/firmware/unblob_extracted/firmware_extract/1180160-3904000.squashfs_v4_le_extract/web/userRpm/VirtualServerRpm.htm;
Web served files;restart.htm;/logs/firmware/unblob_extracted/firmware_extract/1180160-3904000.squashfs_v4_le_extract/web/userRpm/restart.htm;
Web served files;WlanStationHelpRpm.htm;/logs/firmware/unblob_extracted/firmware_extract/1180160-3904000.squashfs_v4_le_extract/web/help/WlanStationHelpRpm.htm;
Web served files;L2tpCfgHelpRpm.htm;/logs/firmware/unblob_extracted/firmware_extract/1180160-3904000.squashfs_v4_le_extract/web/help/L2tpCfgHelpRpm.htm;
Web served files;WlanNetworkHelpRpm.htm;/logs/firmware/unblob_extracted/firmware_extract/1180160-3904000.squashfs_v4_le_extract/web/help/WlanNetworkHelpRpm.htm;
Web served files;WzdPPPoEHelpRpm.htm;/logs/firmware/unblob_extracted/firmware_extract/1180160-3904000.squashfs_v4_le_extract/web/help/WzdPPPoEHelpRpm.htm;
Web served files;AdvScrRpm.htm;/logs/firmware/unblob_extracted/firmware_extract/1180160-3904000.squashfs_v4_le_extract/web/userRpm/AdvScrRpm.htm;
Web served files;AccessCtrlTimeSchedRpm.htm;/logs/firmware/unblob_extracted/firmware_extract/1180160-3904000.squashfs_v4_le_extract/web/userRpm/AccessCtrlTimeSchedRpm.htm;
Web served files;SystemLogHelpRpm.htm;/logs/firmware/unblob_extracted/firmware_extract/1180160-3904000.squashfs_v4_le_extract/web/help/SystemLogHelpRpm.htm;
Web served files;AccessCtrlAccessTargetsAdvRpm.htm;/logs/firmware/unblob_extracted/firmware_extract/1180160-3904000.squashfs_v4_le_extract/web/userRpm/AccessCtrlAccessTargetsAdvRpm.htm;
Web served files;ParentCtrlRpm.htm;/logs/firmware/unblob_extracted/firmware_extract/1180160-3904000.squashfs_v4_le_extract/web/userRpm/ParentCtrlRpm.htm;
Web served files;MacCloneCfgHelpRpm.htm;/logs/firmware/unblob_extracted/firmware_extract/1180160-3904000.squashfs_v4_le_extract/web/help/MacCloneCfgHelpRpm.htm;
Web served files;StaticRouteTableHelpRpm.htm;/logs/firmware/unblob_extracted/firmware_extract/1180160-3904000.squashfs_v4_le_extract/web/help/StaticRouteTableHelpRpm.htm;
Web served files;NasShareCfgHelpRpm.htm;/logs/firmware/unblob_extracted/firmware_extract/1180160-3904000.squashfs_v4_le_extract/web/help/NasShareCfgHelpRpm.htm;
Web served files;DdnsAddComexeHelpRpm.htm;/logs/firmware/unblob_extracted/firmware_extract/1180160-3904000.squashfs_v4_le_extract/web/help/DdnsAddComexeHelpRpm.htm;
Web served files;SysRebootRpm.htm;/logs/firmware/unblob_extracted/firmware_extract/1180160-3904000.squashfs_v4_le_extract/web/userRpm/SysRebootRpm.htm;
Web served files;NasFtpCfgRpm.htm;/logs/firmware/unblob_extracted/firmware_extract/1180160-3904000.squashfs_v4_le_extract/web/userRpm/NasFtpCfgRpm.htm;
Web served files;BackNRestoreHelpRpm.htm;/logs/firmware/unblob_extracted/firmware_extract/1180160-3904000.squashfs_v4_le_extract/web/help/BackNRestoreHelpRpm.htm;
Web served files;AccessCtrlAccessRulesHelpRpm.htm;/logs/firmware/unblob_extracted/firmware_extract/1180160-3904000.squashfs_v4_le_extract/web/help/AccessCtrlAccessRulesHelpRpm.htm;
Web served files;RestoreDefaultCfgRpm.htm;/logs/firmware/unblob_extracted/firmware_extract/1180160-3904000.squashfs_v4_le_extract/web/userRpm/RestoreDefaultCfgRpm.htm;
Web served files;AccessCtrlAccessTargetsHelpRpm.htm;/logs/firmware/unblob_extracted/firmware_extract/1180160-3904000.squashfs_v4_le_extract/web/help/AccessCtrlAccessTargetsHelpRpm.htm;
Web served files;SystemStatisticHelpRpm.htm;/logs/firmware/unblob_extracted/firmware_extract/1180160-3904000.squashfs_v4_le_extract/web/help/SystemStatisticHelpRpm.htm;
Web served files;NasFoldersCfgHelpRpm.htm;/logs/firmware/unblob_extracted/firmware_extract/1180160-3904000.squashfs_v4_le_extract/web/help/NasFoldersCfgHelpRpm.htm;
Web served files;SoftwareUpgradeRpm.htm;/logs/firmware/unblob_extracted/firmware_extract/1180160-3904000.squashfs_v4_le_extract/web/userRpm/SoftwareUpgradeRpm.htm;
Web served files;SysRouteTableRpm.htm;/logs/firmware/unblob_extracted/firmware_extract/1180160-3904000.squashfs_v4_le_extract/web/userRpm/SysRouteTableRpm.htm;
Web served files;WanDynamicIpV6CfgHelpRpm.htm;/logs/firmware/unblob_extracted/firmware_extract/1180160-3904000.squashfs_v4_le_extract/web/help/WanDynamicIpV6CfgHelpRpm.htm;
Web served files;NasUserCfgHelpRpm.htm;/logs/firmware/unblob_extracted/firmware_extract/1180160-3904000.squashfs_v4_le_extract/web/help/NasUserCfgHelpRpm.htm;
Web served files;StatusRpm.htm;/logs/firmware/unblob_extracted/firmware_extract/1180160-3904000.squashfs_v4_le_extract/web/userRpm/StatusRpm.htm;
Web served files;NetworkCfgHelpRpm.htm;/logs/firmware/unblob_extracted/firmware_extract/1180160-3904000.squashfs_v4_le_extract/web/help/NetworkCfgHelpRpm.htm;
Web served files;WzdWlanRpm.htm;/logs/firmware/unblob_extracted/firmware_extract/1180160-3904000.squashfs_v4_le_extract/web/userRpm/WzdWlanRpm.htm;
Web served files;VirtualServerAdvRpm.htm;/logs/firmware/unblob_extracted/firmware_extract/1180160-3904000.squashfs_v4_le_extract/web/userRpm/VirtualServerAdvRpm.htm;
Web served files;SoftwareUpgradeHelpRpm.htm;/logs/firmware/unblob_extracted/firmware_extract/1180160-3904000.squashfs_v4_le_extract/web/help/SoftwareUpgradeHelpRpm.htm;
Web served files;WzdAccessCtrlSchedAddRpm.htm;/logs/firmware/unblob_extracted/firmware_extract/1180160-3904000.squashfs_v4_le_extract/web/userRpm/WzdAccessCtrlSchedAddRpm.htm;
Web served files;AccessDenied.htm;/logs/firmware/unblob_extracted/firmware_extract/1180160-3904000.squashfs_v4_le_extract/web/userRpm/AccessDenied.htm;
Web served files;MiscAdvHelpRpm.htm;/logs/firmware/unblob_extracted/firmware_extract/1180160-3904000.squashfs_v4_le_extract/web/help/MiscAdvHelpRpm.htm;
Web served files;PPPoEv6CfgRpm.htm;/logs/firmware/unblob_extracted/firmware_extract/1180160-3904000.squashfs_v4_le_extract/web/userRpm/PPPoEv6CfgRpm.htm;
Web served files;WzdAccessCtrlRuleAddRpm.htm;/logs/firmware/unblob_extracted/firmware_extract/1180160-3904000.squashfs_v4_le_extract/web/userRpm/WzdAccessCtrlRuleAddRpm.htm;
Web served files;WzdStartHelpRpm.htm;/logs/firmware/unblob_extracted/firmware_extract/1180160-3904000.squashfs_v4_le_extract/web/help/WzdStartHelpRpm.htm;
Web served files;SystemLogRpm.htm;/logs/firmware/unblob_extracted/firmware_extract/1180160-3904000.squashfs_v4_le_extract/web/userRpm/SystemLogRpm.htm;
Web served files;confUploadErrorRpm.htm;/logs/firmware/unblob_extracted/firmware_extract/1180160-3904000.squashfs_v4_le_extract/web/userRpm/confUploadErrorRpm.htm;
Web served files;WzdPPPoERpm.htm;/logs/firmware/unblob_extracted/firmware_extract/1180160-3904000.squashfs_v4_le_extract/web/userRpm/WzdPPPoERpm.htm;
Web served files;DynDdnsRpm.htm;/logs/firmware/unblob_extracted/firmware_extract/1180160-3904000.squashfs_v4_le_extract/web/userRpm/DynDdnsRpm.htm;
Web served files;PptpCfgHelpRpm.htm;/logs/firmware/unblob_extracted/firmware_extract/1180160-3904000.squashfs_v4_le_extract/web/help/PptpCfgHelpRpm.htm;
Web served files;WanStaticIpCfgHelpRpm.htm;/logs/firmware/unblob_extracted/firmware_extract/1180160-3904000.squashfs_v4_le_extract/web/help/WanStaticIpCfgHelpRpm.htm;
Web served files;MailResultRpm.htm;/logs/firmware/unblob_extracted/firmware_extract/1180160-3904000.squashfs_v4_le_extract/web/userRpm/MailResultRpm.htm;
Web served files;AccessCtrlAccessTargetsAdvHelpRpm.htm;/logs/firmware/unblob_extracted/firmware_extract/1180160-3904000.squashfs_v4_le_extract/web/help/AccessCtrlAccessTargetsAdvHelpRpm.htm;
Web served files;MacCloneCfgRpm.htm;/logs/firmware/unblob_extracted/firmware_extract/1180160-3904000.squashfs_v4_le_extract/web/userRpm/MacCloneCfgRpm.htm;
Web served files;MenuRpm.htm;/logs/firmware/unblob_extracted/firmware_extract/1180160-3904000.squashfs_v4_le_extract/web/userRpm/MenuRpm.htm;
Web served files;ParentCtrlAdvRpm.htm;/logs/firmware/unblob_extracted/firmware_extract/1180160-3904000.squashfs_v4_le_extract/web/userRpm/ParentCtrlAdvRpm.htm;
Web served files;WlanWpsChkModeRpm.htm;/logs/firmware/unblob_extracted/firmware_extract/1180160-3904000.squashfs_v4_le_extract/web/userRpm/WlanWpsChkModeRpm.htm;
Web served files;WlanAdvRpm.htm;/logs/firmware/unblob_extracted/firmware_extract/1180160-3904000.squashfs_v4_le_extract/web/userRpm/WlanAdvRpm.htm;
Web served files;MediaServerCfgRpm.htm;/logs/firmware/unblob_extracted/firmware_extract/1180160-3904000.squashfs_v4_le_extract/web/userRpm/MediaServerCfgRpm.htm;
Web served files;IPv6StatusHelpRpm.htm;/logs/firmware/unblob_extracted/firmware_extract/1180160-3904000.squashfs_v4_le_extract/web/help/IPv6StatusHelpRpm.htm;
Web served files;LanArpBindingListRpm.htm;/logs/firmware/unblob_extracted/firmware_extract/1180160-3904000.squashfs_v4_le_extract/web/userRpm/LanArpBindingListRpm.htm;
Web served files;WanDynamicIpCfgRpm.htm;/logs/firmware/unblob_extracted/firmware_extract/1180160-3904000.squashfs_v4_le_extract/web/userRpm/WanDynamicIpCfgRpm.htm;
Web served files;WanDynamicIpCfgHelpRpm.htm;/logs/firmware/unblob_extracted/firmware_extract/1180160-3904000.squashfs_v4_le_extract/web/help/WanDynamicIpCfgHelpRpm.htm;
Web served files;LanArpBindingListHelpRpm.htm;/logs/firmware/unblob_extracted/firmware_extract/1180160-3904000.squashfs_v4_le_extract/web/help/LanArpBindingListHelpRpm.htm;
Web served files;FixMapCfgHelpRpm.htm;/logs/firmware/unblob_extracted/firmware_extract/1180160-3904000.squashfs_v4_le_extract/web/help/FixMapCfgHelpRpm.htm;
Web served files;NasUserAdvRpm.htm;/logs/firmware/unblob_extracted/firmware_extract/1180160-3904000.squashfs_v4_le_extract/web/userRpm/NasUserAdvRpm.htm;
Web served files;BPACfgRpm.htm;/logs/firmware/unblob_extracted/firmware_extract/1180160-3904000.squashfs_v4_le_extract/web/userRpm/BPACfgRpm.htm;
Web served files;SiteSurveyHelpRpm.htm;/logs/firmware/unblob_extracted/firmware_extract/1180160-3904000.squashfs_v4_le_extract/web/help/SiteSurveyHelpRpm.htm;
Web served files;PPPoECfgRpm.htm;/logs/firmware/unblob_extracted/firmware_extract/1180160-3904000.squashfs_v4_le_extract/web/userRpm/PPPoECfgRpm.htm;
Web served files;PPPoEv6CfgAdvHelpRpm.htm;/logs/firmware/unblob_extracted/firmware_extract/1180160-3904000.squashfs_v4_le_extract/web/help/PPPoEv6CfgAdvHelpRpm.htm;
Web served files;WzdFinishHelpRpm.htm;/logs/firmware/unblob_extracted/firmware_extract/1180160-3904000.squashfs_v4_le_extract/web/help/WzdFinishHelpRpm.htm;
Web served files;QoSRuleListRpm.htm;/logs/firmware/unblob_extracted/firmware_extract/1180160-3904000.squashfs_v4_le_extract/web/userRpm/QoSRuleListRpm.htm;
Web served files;QoSCfgHelpRpm.htm;/logs/firmware/unblob_extracted/firmware_extract/1180160-3904000.squashfs_v4_le_extract/web/help/QoSCfgHelpRpm.htm;
Web served files;StaticRouteTableAdvRpm.htm;/logs/firmware/unblob_extracted/firmware_extract/1180160-3904000.squashfs_v4_le_extract/web/userRpm/StaticRouteTableAdvRpm.htm;
Web served files;GetGMTRpm.htm;/logs/firmware/unblob_extracted/firmware_extract/1180160-3904000.squashfs_v4_le_extract/web/userRpm/GetGMTRpm.htm;
Web served files;MiscHelpRpm.htm;/logs/firmware/unblob_extracted/firmware_extract/1180160-3904000.squashfs_v4_le_extract/web/help/MiscHelpRpm.htm;
Web served files;SpecialAppAdvRpm.htm;/logs/firmware/unblob_extracted/firmware_extract/1180160-3904000.squashfs_v4_le_extract/web/userRpm/SpecialAppAdvRpm.htm;
Web served files;NasCfgRpm.htm;/logs/firmware/unblob_extracted/firmware_extract/1180160-3904000.squashfs_v4_le_extract/web/userRpm/NasCfgRpm.htm;
Web served files;LanArpBindingHelpRpm.htm;/logs/firmware/unblob_extracted/firmware_extract/1180160-3904000.squashfs_v4_le_extract/web/help/LanArpBindingHelpRpm.htm;
Web served files;BpaCfgHelpRpm.htm;/logs/firmware/unblob_extracted/firmware_extract/1180160-3904000.squashfs_v4_le_extract/web/help/BpaCfgHelpRpm.htm;
Web served files;AccessCtrlAccessRuleModifyHelpRpm.htm;/logs/firmware/unblob_extracted/firmware_extract/1180160-3904000.squashfs_v4_le_extract/web/help/AccessCtrlAccessRuleModifyHelpRpm.htm;
Web served files;PPTPCfgRpm.htm;/logs/firmware/unblob_extracted/firmware_extract/1180160-3904000.squashfs_v4_le_extract/web/userRpm/PPTPCfgRpm.htm;
Web served files;AccessCtrlAccessRulesAdvRpm.htm;/logs/firmware/unblob_extracted/firmware_extract/1180160-3904000.squashfs_v4_le_extract/web/userRpm/AccessCtrlAccessRulesAdvRpm.htm;
Web served files;Wan6to4TunnelCfgHelpRpm.htm;/logs/firmware/unblob_extracted/firmware_extract/1180160-3904000.squashfs_v4_le_extract/web/help/Wan6to4TunnelCfgHelpRpm.htm;
Web served files;PPPoECfgAdvRpm.htm;/logs/firmware/unblob_extracted/firmware_extract/1180160-3904000.squashfs_v4_le_extract/web/userRpm/PPPoECfgAdvRpm.htm;
Web served files;AccessCtrlAccessRulesAdvHelpRpm.htm;/logs/firmware/unblob_extracted/firmware_extract/1180160-3904000.squashfs_v4_le_extract/web/help/AccessCtrlAccessRulesAdvHelpRpm.htm;
Web served files;WzdStaticIpHelpRpm.htm;/logs/firmware/unblob_extracted/firmware_extract/1180160-3904000.squashfs_v4_le_extract/web/help/WzdStaticIpHelpRpm.htm;
Web served files;BakNRestoreRpm.htm;/logs/firmware/unblob_extracted/firmware_extract/1180160-3904000.squashfs_v4_le_extract/web/userRpm/BakNRestoreRpm.htm;
Web served files;AccessCtrlHostsListsAdvRpm.htm;/logs/firmware/unblob_extracted/firmware_extract/1180160-3904000.squashfs_v4_le_extract/web/userRpm/AccessCtrlHostsListsAdvRpm.htm;
Web served files;WlanMacFilterHelpRpm.htm;/logs/firmware/unblob_extracted/firmware_extract/1180160-3904000.squashfs_v4_le_extract/web/help/WlanMacFilterHelpRpm.htm;
Web served files;LanDhcpServerHelpRpm.htm;/logs/firmware/unblob_extracted/firmware_extract/1180160-3904000.squashfs_v4_le_extract/web/help/LanDhcpServerHelpRpm.htm;
Web served files;StaticRouteTableRpm.htm;/logs/firmware/unblob_extracted/firmware_extract/1180160-3904000.squashfs_v4_le_extract/web/userRpm/StaticRouteTableRpm.htm;
Web served files;L2TPCfgRpm.htm;/logs/firmware/unblob_extracted/firmware_extract/1180160-3904000.squashfs_v4_le_extract/web/userRpm/L2TPCfgRpm.htm;
Web served files;DynDdnsHelpRpm.htm;/logs/firmware/unblob_extracted/firmware_extract/1180160-3904000.squashfs_v4_le_extract/web/help/DynDdnsHelpRpm.htm;
Web served files;NasCfgHelpRpm.htm;/logs/firmware/unblob_extracted/firmware_extract/1180160-3904000.squashfs_v4_le_extract/web/help/NasCfgHelpRpm.htm;
Web served files;MediaServerFoldersCfgHelpRpm.htm;/logs/firmware/unblob_extracted/firmware_extract/1180160-3904000.squashfs_v4_le_extract/web/help/MediaServerFoldersCfgHelpRpm.htm;
Web served files;RestoreDefaultCfgHelpRpm.htm;/logs/firmware/unblob_extracted/firmware_extract/1180160-3904000.squashfs_v4_le_extract/web/help/RestoreDefaultCfgHelpRpm.htm;
Web served files;LanArpBindingRpm.htm;/logs/firmware/unblob_extracted/firmware_extract/1180160-3904000.squashfs_v4_le_extract/web/userRpm/LanArpBindingRpm.htm;
Web served files;SysRouteTableHelpRpm.htm;/logs/firmware/unblob_extracted/firmware_extract/1180160-3904000.squashfs_v4_le_extract/web/help/SysRouteTableHelpRpm.htm;
Web served files;WzdWanMacHelpRpm.htm;/logs/firmware/unblob_extracted/firmware_extract/1180160-3904000.squashfs_v4_le_extract/web/help/WzdWanMacHelpRpm.htm;
Web served files;AutoEmailHelpRpm.htm;/logs/firmware/unblob_extracted/firmware_extract/1180160-3904000.squashfs_v4_le_extract/web/help/AutoEmailHelpRpm.htm;
Web served files;Index.htm;/logs/firmware/unblob_extracted/firmware_extract/1180160-3904000.squashfs_v4_le_extract/web/userRpm/Index.htm;
Web served files;IPv6StatusRpm.htm;/logs/firmware/unblob_extracted/firmware_extract/1180160-3904000.squashfs_v4_le_extract/web/userRpm/IPv6StatusRpm.htm;
Web served files;NoipDdnsRpm.htm;/logs/firmware/unblob_extracted/firmware_extract/1180160-3904000.squashfs_v4_le_extract/web/userRpm/NoipDdnsRpm.htm;
Web served files;PrintServerCfgRpm.htm;/logs/firmware/unblob_extracted/firmware_extract/1180160-3904000.squashfs_v4_le_extract/web/userRpm/PrintServerCfgRpm.htm;
Web served files;VirtualServerHelpRpm.htm;/logs/firmware/unblob_extracted/firmware_extract/1180160-3904000.squashfs_v4_le_extract/web/help/VirtualServerHelpRpm.htm;
Web served files;DMZRpm.htm;/logs/firmware/unblob_extracted/firmware_extract/1180160-3904000.squashfs_v4_le_extract/web/userRpm/DMZRpm.htm;
Web served files;LocalManageControlRpm.htm;/logs/firmware/unblob_extracted/firmware_extract/1180160-3904000.squashfs_v4_le_extract/web/userRpm/LocalManageControlRpm.htm;
Web served files;Wan6to4TunnelCfgRpm.htm;/logs/firmware/unblob_extracted/firmware_extract/1180160-3904000.squashfs_v4_le_extract/web/userRpm/Wan6to4TunnelCfgRpm.htm;
Web served files;DateTimeCfgHelpRpm.htm;/logs/firmware/unblob_extracted/firmware_extract/1180160-3904000.squashfs_v4_le_extract/web/help/DateTimeCfgHelpRpm.htm;
Web served files;UpnpCfgRpm.htm;/logs/firmware/unblob_extracted/firmware_extract/1180160-3904000.squashfs_v4_le_extract/web/userRpm/UpnpCfgRpm.htm;
Web served files;PPPoEv6CfgAdvRpm.htm;/logs/firmware/unblob_extracted/firmware_extract/1180160-3904000.squashfs_v4_le_extract/web/userRpm/PPPoEv6CfgAdvRpm.htm;
Web served files;AccessCtrlAccessRulesRpm.htm;/logs/firmware/unblob_extracted/firmware_extract/1180160-3904000.squashfs_v4_le_extract/web/userRpm/AccessCtrlAccessRulesRpm.htm;
Web served files;QoSRuleCfgRpm.htm;/logs/firmware/unblob_extracted/firmware_extract/1180160-3904000.squashfs_v4_le_extract/web/userRpm/QoSRuleCfgRpm.htm;
Web served files;PPPoECfgAdvHelpRpm.htm;/logs/firmware/unblob_extracted/firmware_extract/1180160-3904000.squashfs_v4_le_extract/web/help/PPPoECfgAdvHelpRpm.htm;
Web served files;NasFolderAdvRpm.htm;/logs/firmware/unblob_extracted/firmware_extract/1180160-3904000.squashfs_v4_le_extract/web/userRpm/NasFolderAdvRpm.htm;
Web served files;AccessCtrlTimeSchedHelpRpm.htm;/logs/firmware/unblob_extracted/firmware_extract/1180160-3904000.squashfs_v4_le_extract/web/help/AccessCtrlTimeSchedHelpRpm.htm;
Web served files;errorPage.htm;/logs/firmware/unblob_extracted/firmware_extract/1180160-3904000.squashfs_v4_le_extract/web/userRpm/errorPage.htm;
Web served files;SysRebootHelpRpm.htm;/logs/firmware/unblob_extracted/firmware_extract/1180160-3904000.squashfs_v4_le_extract/web/help/SysRebootHelpRpm.htm;
Web served files;WlanWpsChkModeHelpRpm.htm;/logs/firmware/unblob_extracted/firmware_extract/1180160-3904000.squashfs_v4_le_extract/web/help/WlanWpsChkModeHelpRpm.htm;
Web served files;ParentCtrlHelpRpm.htm;/logs/firmware/unblob_extracted/firmware_extract/1180160-3904000.squashfs_v4_le_extract/web/help/ParentCtrlHelpRpm.htm;
Web served files;WzdStartRpm.htm;/logs/firmware/unblob_extracted/firmware_extract/1180160-3904000.squashfs_v4_le_extract/web/userRpm/WzdStartRpm.htm;
Web served files;DMZHelpRpm.htm;/logs/firmware/unblob_extracted/firmware_extract/1180160-3904000.squashfs_v4_le_extract/web/help/DMZHelpRpm.htm;
Web served files;LanArpBindingAdvRpm.htm;/logs/firmware/unblob_extracted/firmware_extract/1180160-3904000.squashfs_v4_le_extract/web/userRpm/LanArpBindingAdvRpm.htm;
Web served files;WzdAccessCtrlSchedAddHelpRpm.htm;/logs/firmware/unblob_extracted/firmware_extract/1180160-3904000.squashfs_v4_le_extract/web/help/WzdAccessCtrlSchedAddHelpRpm.htm;
Web served files;QoSCfgRpm.htm;/logs/firmware/unblob_extracted/firmware_extract/1180160-3904000.squashfs_v4_le_extract/web/userRpm/QoSCfgRpm.htm;
Web served files;ManageControlRpm.htm;/logs/firmware/unblob_extracted/firmware_extract/1180160-3904000.squashfs_v4_le_extract/web/userRpm/ManageControlRpm.htm;
Web served files;DateTimeCfgRpm.htm;/logs/firmware/unblob_extracted/firmware_extract/1180160-3904000.squashfs_v4_le_extract/web/userRpm/DateTimeCfgRpm.htm;
Web served files;ParentCtrlAdvHelpRpm.htm;/logs/firmware/unblob_extracted/firmware_extract/1180160-3904000.squashfs_v4_le_extract/web/help/ParentCtrlAdvHelpRpm.htm;
Web served files;DiagnosticRpm.htm;/logs/firmware/unblob_extracted/firmware_extract/1180160-3904000.squashfs_v4_le_extract/web/userRpm/DiagnosticRpm.htm;
Web served files;FixMapCfgAdvRpm.htm;/logs/firmware/unblob_extracted/firmware_extract/1180160-3904000.squashfs_v4_le_extract/web/userRpm/FixMapCfgAdvRpm.htm;
Web served files;WzdAccessCtrlRuleAddHelpRpm.htm;/logs/firmware/unblob_extracted/firmware_extract/1180160-3904000.squashfs_v4_le_extract/web/help/WzdAccessCtrlRuleAddHelpRpm.htm;
Web served files;LanArpBindingFindRpm.htm;/logs/firmware/unblob_extracted/firmware_extract/1180160-3904000.squashfs_v4_le_extract/web/userRpm/LanArpBindingFindRpm.htm;
Web served files;WzdWlanHelpRpm.htm;/logs/firmware/unblob_extracted/firmware_extract/1180160-3904000.squashfs_v4_le_extract/web/help/WzdWlanHelpRpm.htm;
Web served files;WzdWanMacRpm.htm;/logs/firmware/unblob_extracted/firmware_extract/1180160-3904000.squashfs_v4_le_extract/web/userRpm/WzdWanMacRpm.htm;
Web served files;PingIframeRpm.htm;/logs/firmware/unblob_extracted/firmware_extract/1180160-3904000.squashfs_v4_le_extract/web/userRpm/PingIframeRpm.htm;
Web served files;AssignedIpAddrListRpm.htm;/logs/firmware/unblob_extracted/firmware_extract/1180160-3904000.squashfs_v4_le_extract/web/userRpm/AssignedIpAddrListRpm.htm;
Web served files;NoipDdnsHelpRpm.htm;/logs/firmware/unblob_extracted/firmware_extract/1180160-3904000.squashfs_v4_le_extract/web/help/NoipDdnsHelpRpm.htm;
Web served files;WzdAccessCtrlTargetAddHelpRpm.htm;/logs/firmware/unblob_extracted/firmware_extract/1180160-3904000.squashfs_v4_le_extract/web/help/WzdAccessCtrlTargetAddHelpRpm.htm;
Web served files;BasicSecurityHelpRpm.htm;/logs/firmware/unblob_extracted/firmware_extract/1180160-3904000.squashfs_v4_le_extract/web/help/BasicSecurityHelpRpm.htm;
Web served files;WzdAccessCtrlHostAddHelpRpm.htm;/logs/firmware/unblob_extracted/firmware_extract/1180160-3904000.squashfs_v4_le_extract/web/help/WzdAccessCtrlHostAddHelpRpm.htm;
Web served files;SystemStatisticRpm.htm;/logs/firmware/unblob_extracted/firmware_extract/1180160-3904000.squashfs_v4_le_extract/web/userRpm/SystemStatisticRpm.htm;
Web served files;AccessCtrlHostsListsAdvHelpRpm.htm;/logs/firmware/unblob_extracted/firmware_extract/1180160-3904000.squashfs_v4_le_extract/web/help/AccessCtrlHostsListsAdvHelpRpm.htm;
Web served files;SpecialAppRpm.htm;/logs/firmware/unblob_extracted/firmware_extract/1180160-3904000.squashfs_v4_le_extract/web/userRpm/SpecialAppRpm.htm;
Web served files;popupSiteSurveyRpm.htm;/logs/firmware/unblob_extracted/firmware_extract/1180160-3904000.squashfs_v4_le_extract/web/userRpm/popupSiteSurveyRpm.htm;
Web served files;WzdAccessCtrlTargetAddRpm.htm;/logs/firmware/unblob_extracted/firmware_extract/1180160-3904000.squashfs_v4_le_extract/web/userRpm/WzdAccessCtrlTargetAddRpm.htm;
Web served files;WanDynamicIpV6CfgRpm.htm;/logs/firmware/unblob_extracted/firmware_extract/1180160-3904000.squashfs_v4_le_extract/web/userRpm/WanDynamicIpV6CfgRpm.htm;
Web served files;WlanAdvHelpRpm.htm;/logs/firmware/unblob_extracted/firmware_extract/1180160-3904000.squashfs_v4_le_extract/web/help/WlanAdvHelpRpm.htm;
Web served files;AccessCtrlAccessRuleModifyRpm.htm;/logs/firmware/unblob_extracted/firmware_extract/1180160-3904000.squashfs_v4_le_extract/web/userRpm/AccessCtrlAccessRuleModifyRpm.htm;
Web served files;ManageControlHelpRpm.htm;/logs/firmware/unblob_extracted/firmware_extract/1180160-3904000.squashfs_v4_le_extract/web/help/ManageControlHelpRpm.htm;
Web served files;NasUserCfgRpm.htm;/logs/firmware/unblob_extracted/firmware_extract/1180160-3904000.squashfs_v4_le_extract/web/userRpm/NasUserCfgRpm.htm;
Web served files;NasShareCfgRpm.htm;/logs/firmware/unblob_extracted/firmware_extract/1180160-3904000.squashfs_v4_le_extract/web/userRpm/NasShareCfgRpm.htm;
Web served files;LanIpv6CfgHelpRpm.htm;/logs/firmware/unblob_extracted/firmware_extract/1180160-3904000.squashfs_v4_le_extract/web/help/LanIpv6CfgHelpRpm.htm;
Web served files;UpnpCfgHelpRpm.htm;/logs/firmware/unblob_extracted/firmware_extract/1180160-3904000.squashfs_v4_le_extract/web/help/UpnpCfgHelpRpm.htm;
Web served files;AccessCtrlTimeSchedAdvRpm.htm;/logs/firmware/unblob_extracted/firmware_extract/1180160-3904000.squashfs_v4_le_extract/web/userRpm/AccessCtrlTimeSchedAdvRpm.htm;
Web served files;WzdWanDisconnRpm.htm;/logs/firmware/unblob_extracted/firmware_extract/1180160-3904000.squashfs_v4_le_extract/web/userRpm/WzdWanDisconnRpm.htm;
Web served files;WzdEndRpm.htm;/logs/firmware/unblob_extracted/firmware_extract/1180160-3904000.squashfs_v4_le_extract/web/userRpm/WzdEndRpm.htm;
Web served files;NetworkCfgRpm.htm;/logs/firmware/unblob_extracted/firmware_extract/1180160-3904000.squashfs_v4_le_extract/web/userRpm/NetworkCfgRpm.htm;
HTTP server files;httpd;/logs/firmware/unblob_extracted/firmware_extract/1180160-3904000.squashfs_v4_le_extract/usr/bin/httpd;
HTTPd web server file;httpd;/logs/firmware/unblob_extracted/firmware_extract/1180160-3904000.squashfs_v4_le_extract/usr/bin/httpd;
